[{"model": "admin.logentry", "pk": 1, "fields": {"action_time": "2022-07-08T23:40:49.422", "user": 1, "content_type": 10, "object_id": "1", "object_repr": "Test voornm 01 van Test Achternaam 02 ", "action_flag": 1, "change_message": "[{\"added\": {}}, {\"added\": {\"name\": \"nummer\", \"object\": \"test01@mail.com\"}}, {\"added\": {\"name\": \"adres\", \"object\": \"test 01 straat 01 Woerden \"}}]"}}, {"model": "admin.logentry", "pk": 2, "fields": {"action_time": "2022-07-08T23:57:25.769", "user": 1, "content_type": 14, "object_id": "2", "object_repr": "Test Exposant 01", "action_flag": 1, "change_message": "[{\"added\": {}}]"}}, {"model": "admin.logentry", "pk": 3, "fields": {"action_time": "2022-07-09T00:18:08.673", "user": 1, "content_type": 14, "object_id": "2", "object_repr": "Test Exposant 01", "action_flag": 2, "change_message": "[{\"changed\": {\"fields\": [\"Verhaal\"]}}, {\"added\": {\"name\": \"nummer\", \"object\": \"0123456\"}}]"}}, {"model": "admin.logentry", "pk": 4, "fields": {"action_time": "2022-07-09T00:34:18.292", "user": 1, "content_type": 11, "object_id": "3", "object_repr": "Test Groep 01 ", "action_flag": 1, "change_message": "[{\"added\": {}}]"}}, {"model": "admin.logentry", "pk": 5, "fields": {"action_time": "2022-07-09T01:06:24.401", "user": 1, "content_type": 7, "object_id": "1", "object_repr": "Toevoegen aan nieuwsbrief", "action_flag": 1, "change_message": "[{\"added\": {}}]"}}, {"model": "admin.logentry", "pk": 6, "fields": {"action_time": "2022-07-09T01:07:39.941", "user": 1, "content_type": 13, "object_id": "2", "object_repr": "Test adviescontact 01  Test adviescontact 01 achternaam ", "action_flag": 1, "change_message": "[{\"added\": {}}]"}}, {"model": "admin.logentry", "pk": 7, "fields": {"action_time": "2022-07-09T01:49:03.930", "user": 1, "content_type": 13, "object_id": "2", "object_repr": "Test adviescontact 01  Test adviescontact 01 achternaam ", "action_flag": 2, "change_message": "[{\"added\": {\"name\": \"vraag\", \"object\": \"Energie algemeen / Vraag bla bla...\"}}]"}}, {"model": "admin.logentry", "pk": 8, "fields": {"action_time": "2022-07-09T02:21:40.760", "user": 1, "content_type": 8, "object_id": "1", "object_repr": "Duurzaamheids wandeling test 01", "action_flag": 1, "change_message": "[{\"added\": {}}]"}}, {"model": "admin.logentry", "pk": 9, "fields": {"action_time": "2022-07-13T16:30:55.343", "user": 1, "content_type": 9, "object_id": "1", "object_repr": "Puzzel", "action_flag": 1, "change_message": "[{\"added\": {}}]"}}, {"model": "admin.logentry", "pk": 10, "fields": {"action_time": "2022-07-13T16:31:13.247", "user": 1, "content_type": 9, "object_id": "2", "object_repr": "Upcycle brengen", "action_flag": 1, "change_message": "[{\"added\": {}}]"}}, {"model": "admin.logentry", "pk": 11, "fields": {"action_time": "2022-07-13T16:31:20.492", "user": 1, "content_type": 9, "object_id": "3", "object_repr": "Advies", "action_flag": 1, "change_message": "[{\"added\": {}}]"}}, {"model": "admin.logentry", "pk": 12, "fields": {"action_time": "2022-07-14T10:51:00.399", "user": 1, "content_type": 13, "object_id": "10", "object_repr": "Kareltje  Rokman ", "action_flag": 2, "change_message": "[{\"added\": {\"name\": \"vraag\", \"object\": \"Circulair / asdasdasd...\"}}]"}}, {"model": "admin.logentry", "pk": 13, "fields": {"action_time": "2022-07-18T21:02:57.322", "user": 1, "content_type": 13, "object_id": "36", "object_repr": "Klees as Wees ", "action_flag": 2, "change_message": "[{\"changed\": {\"name\": \"vraag\", \"object\": \"Grut...\", \"fields\": [\"Onderwerp vraag\"]}}, {\"changed\": {\"name\": \"vraag\", \"object\": \"Grat...\", \"fields\": [\"Onderwerp vraag\"]}}]"}}, {"model": "admin.logentry", "pk": 14, "fields": {"action_time": "2022-07-18T21:03:42.214", "user": 1, "content_type": 13, "object_id": "23", "object_repr": "Hansje  Bleiman ", "action_flag": 3, "change_message": ""}}, {"model": "admin.logentry", "pk": 15, "fields": {"action_time": "2022-07-18T21:03:42.222", "user": 1, "content_type": 13, "object_id": "22", "object_repr": "Hansje  Bleiman ", "action_flag": 3, "change_message": ""}}, {"model": "admin.logentry", "pk": 16, "fields": {"action_time": "2022-07-18T21:03:42.230", "user": 1, "content_type": 13, "object_id": "21", "object_repr": "Hansje  Bleiman ", "action_flag": 3, "change_message": ""}}, {"model": "admin.logentry", "pk": 17, "fields": {"action_time": "2022-07-18T21:03:42.238", "user": 1, "content_type": 13, "object_id": "20", "object_repr": "Hansje  Bleiman ", "action_flag": 3, "change_message": ""}}, {"model": "admin.logentry", "pk": 18, "fields": {"action_time": "2022-07-18T21:03:42.247", "user": 1, "content_type": 13, "object_id": "19", "object_repr": "Hansje  Bleiman ", "action_flag": 3, "change_message": ""}}, {"model": "admin.logentry", "pk": 19, "fields": {"action_time": "2022-07-18T21:03:42.255", "user": 1, "content_type": 13, "object_id": "18", "object_repr": "Hansje  Bleiman ", "action_flag": 3, "change_message": ""}}, {"model": "admin.logentry", "pk": 20, "fields": {"action_time": "2022-07-18T21:03:42.263", "user": 1, "content_type": 13, "object_id": "17", "object_repr": "Hansje  Bleiman ", "action_flag": 3, "change_message": ""}}, {"model": "admin.logentry", "pk": 21, "fields": {"action_time": "2022-07-18T21:03:42.272", "user": 1, "content_type": 13, "object_id": "16", "object_repr": "Hansje  Bleiman ", "action_flag": 3, "change_message": ""}}, {"model": "admin.logentry", "pk": 22, "fields": {"action_time": "2022-07-18T21:03:42.280", "user": 1, "content_type": 13, "object_id": "9", "object_repr": "Kareltje  Broekman ", "action_flag": 3, "change_message": ""}}, {"model": "admin.logentry", "pk": 23, "fields": {"action_time": "2022-07-18T21:03:42.288", "user": 1, "content_type": 13, "object_id": "8", "object_repr": "Kareltje  Broekman ", "action_flag": 3, "change_message": ""}}, {"model": "admin.logentry", "pk": 24, "fields": {"action_time": "2022-07-18T21:03:42.296", "user": 1, "content_type": 13, "object_id": "7", "object_repr": "Kareltje  Broekman ", "action_flag": 3, "change_message": ""}}, {"model": "admin.logentry", "pk": 25, "fields": {"action_time": "2022-07-18T21:03:42.305", "user": 1, "content_type": 13, "object_id": "6", "object_repr": "Kareltje  Broekman ", "action_flag": 3, "change_message": ""}}, {"model": "admin.logentry", "pk": 26, "fields": {"action_time": "2022-07-18T21:03:42.313", "user": 1, "content_type": 13, "object_id": "5", "object_repr": "Kareltje  Broekman ", "action_flag": 3, "change_message": ""}}, {"model": "admin.logentry", "pk": 27, "fields": {"action_time": "2022-07-18T21:03:42.321", "user": 1, "content_type": 13, "object_id": "4", "object_repr": "Kareltje  Broekman ", "action_flag": 3, "change_message": ""}}, {"model": "admin.logentry", "pk": 28, "fields": {"action_time": "2022-07-18T21:03:42.330", "user": 1, "content_type": 13, "object_id": "15", "object_repr": "Pieter  Hambalk ", "action_flag": 3, "change_message": ""}}, {"model": "admin.logentry", "pk": 29, "fields": {"action_time": "2022-07-18T21:03:42.338", "user": 1, "content_type": 13, "object_id": "14", "object_repr": "Pieter  Hambalk ", "action_flag": 3, "change_message": ""}}, {"model": "admin.logentry", "pk": 30, "fields": {"action_time": "2022-07-18T21:03:42.346", "user": 1, "content_type": 13, "object_id": "13", "object_repr": "Pieter  Hambalk ", "action_flag": 3, "change_message": ""}}, {"model": "admin.logentry", "pk": 31, "fields": {"action_time": "2022-07-18T21:03:42.354", "user": 1, "content_type": 13, "object_id": "12", "object_repr": "Pieter  Hambalk ", "action_flag": 3, "change_message": ""}}, {"model": "admin.logentry", "pk": 32, "fields": {"action_time": "2022-07-18T21:03:42.363", "user": 1, "content_type": 13, "object_id": "11", "object_repr": "Kareltje  Rokman ", "action_flag": 3, "change_message": ""}}, {"model": "admin.logentry", "pk": 33, "fields": {"action_time": "2022-07-18T21:03:42.371", "user": 1, "content_type": 13, "object_id": "10", "object_repr": "Kareltje  Rokman ", "action_flag": 3, "change_message": ""}}, {"model": "admin.logentry", "pk": 34, "fields": {"action_time": "2022-07-18T21:03:42.379", "user": 1, "content_type": 13, "object_id": "27", "object_repr": "Mark  Theeman ", "action_flag": 3, "change_message": ""}}, {"model": "admin.logentry", "pk": 35, "fields": {"action_time": "2022-07-18T21:03:42.388", "user": 1, "content_type": 13, "object_id": "26", "object_repr": "Mark  Theeman ", "action_flag": 3, "change_message": ""}}, {"model": "admin.logentry", "pk": 36, "fields": {"action_time": "2022-07-18T21:03:42.396", "user": 1, "content_type": 13, "object_id": "25", "object_repr": "Mark  Theeman ", "action_flag": 3, "change_message": ""}}, {"model": "admin.logentry", "pk": 37, "fields": {"action_time": "2022-07-18T21:03:42.404", "user": 1, "content_type": 13, "object_id": "24", "object_repr": "Mark  Theeman ", "action_flag": 3, "change_message": ""}}, {"model": "admin.logentry", "pk": 38, "fields": {"action_time": "2022-07-18T21:03:42.412", "user": 1, "content_type": 13, "object_id": "35", "object_repr": "Klees as Wees ", "action_flag": 3, "change_message": ""}}, {"model": "admin.logentry", "pk": 39, "fields": {"action_time": "2022-07-18T21:03:42.421", "user": 1, "content_type": 13, "object_id": "34", "object_repr": "Klees as Wees ", "action_flag": 3, "change_message": ""}}, {"model": "admin.logentry", "pk": 40, "fields": {"action_time": "2022-07-18T21:03:42.429", "user": 1, "content_type": 13, "object_id": "33", "object_repr": "Klees  Wees ", "action_flag": 3, "change_message": ""}}, {"model": "admin.logentry", "pk": 41, "fields": {"action_time": "2022-07-18T21:03:42.437", "user": 1, "content_type": 13, "object_id": "32", "object_repr": "Klees  Wees ", "action_flag": 3, "change_message": ""}}, {"model": "admin.logentry", "pk": 42, "fields": {"action_time": "2022-07-18T21:03:42.445", "user": 1, "content_type": 13, "object_id": "31", "object_repr": "Klees  Wees ", "action_flag": 3, "change_message": ""}}, {"model": "admin.logentry", "pk": 43, "fields": {"action_time": "2022-07-18T21:03:42.454", "user": 1, "content_type": 13, "object_id": "30", "object_repr": "Klees  Wees ", "action_flag": 3, "change_message": ""}}, {"model": "admin.logentry", "pk": 44, "fields": {"action_time": "2022-07-18T21:03:42.462", "user": 1, "content_type": 13, "object_id": "29", "object_repr": "Klees  Wees ", "action_flag": 3, "change_message": ""}}, {"model": "admin.logentry", "pk": 45, "fields": {"action_time": "2022-07-18T21:03:42.470", "user": 1, "content_type": 13, "object_id": "28", "object_repr": "Klees  Wees ", "action_flag": 3, "change_message": ""}}, {"model": "admin.logentry", "pk": 46, "fields": {"action_time": "2022-07-18T21:17:17.208", "user": 1, "content_type": 13, "object_id": "36", "object_repr": "Klees as Wees ", "action_flag": 2, "change_message": "[{\"changed\": {\"fields\": [\"Acties\", \"Activiteiten\"]}}]"}}, {"model": "admin.logentry", "pk": 47, "fields": {"action_time": "2022-07-18T21:20:43.940", "user": 1, "content_type": 8, "object_id": "2", "object_repr": "Test activiteit 02", "action_flag": 1, "change_message": "[{\"added\": {}}]"}}, {"model": "admin.logentry", "pk": 48, "fields": {"action_time": "2022-07-18T21:31:37.241", "user": 1, "content_type": 8, "object_id": "3", "object_repr": "Test activiteit 03", "action_flag": 1, "change_message": "[{\"added\": {}}]"}}, {"model": "admin.logentry", "pk": 49, "fields": {"action_time": "2022-07-18T21:47:38.461", "user": 1, "content_type": 13, "object_id": "37", "object_repr": "Jan  Koekepanb ", "action_flag": 2, "change_message": "[]"}}, {"model": "admin.logentry", "pk": 50, "fields": {"action_time": "2022-07-18T21:51:40.972", "user": 1, "content_type": 7, "object_id": "2", "object_repr": "Test actie 02", "action_flag": 1, "change_message": "[{\"added\": {}}]"}}, {"model": "admin.logentry", "pk": 51, "fields": {"action_time": "2022-07-18T21:51:54.667", "user": 1, "content_type": 7, "object_id": "3", "object_repr": "Test actie 03", "action_flag": 1, "change_message": "[{\"added\": {}}]"}}, {"model": "admin.logentry", "pk": 52, "fields": {"action_time": "2022-07-22T01:24:33.631", "user": 1, "content_type": 22, "object_id": "1", "object_repr": "CoachGesprek object (1)", "action_flag": 1, "change_message": "[{\"added\": {}}]"}}, {"model": "auth.permission", "pk": 1, "fields": {"name": "Can add log entry", "content_type": 1, "codename": "add_logentry"}}, {"model": "auth.permission", "pk": 2, "fields": {"name": "Can change log entry", "content_type": 1, "codename": "change_logentry"}}, {"model": "auth.permission", "pk": 3, "fields": {"name": "Can delete log entry", "content_type": 1, "codename": "delete_logentry"}}, {"model": "auth.permission", "pk": 4, "fields": {"name": "Can view log entry", "content_type": 1, "codename": "view_logentry"}}, {"model": "auth.permission", "pk": 5, "fields": {"name": "Can add permission", "content_type": 2, "codename": "add_permission"}}, {"model": "auth.permission", "pk": 6, "fields": {"name": "Can change permission", "content_type": 2, "codename": "change_permission"}}, {"model": "auth.permission", "pk": 7, "fields": {"name": "Can delete permission", "content_type": 2, "codename": "delete_permission"}}, {"model": "auth.permission", "pk": 8, "fields": {"name": "Can view permission", "content_type": 2, "codename": "view_permission"}}, {"model": "auth.permission", "pk": 9, "fields": {"name": "Can add group", "content_type": 3, "codename": "add_group"}}, {"model": "auth.permission", "pk": 10, "fields": {"name": "Can change group", "content_type": 3, "codename": "change_group"}}, {"model": "auth.permission", "pk": 11, "fields": {"name": "Can delete group", "content_type": 3, "codename": "delete_group"}}, {"model": "auth.permission", "pk": 12, "fields": {"name": "Can view group", "content_type": 3, "codename": "view_group"}}, {"model": "auth.permission", "pk": 13, "fields": {"name": "Can add user", "content_type": 4, "codename": "add_user"}}, {"model": "auth.permission", "pk": 14, "fields": {"name": "Can change user", "content_type": 4, "codename": "change_user"}}, {"model": "auth.permission", "pk": 15, "fields": {"name": "Can delete user", "content_type": 4, "codename": "delete_user"}}, {"model": "auth.permission", "pk": 16, "fields": {"name": "Can view user", "content_type": 4, "codename": "view_user"}}, {"model": "auth.permission", "pk": 17, "fields": {"name": "Can add content type", "content_type": 5, "codename": "add_contenttype"}}, {"model": "auth.permission", "pk": 18, "fields": {"name": "Can change content type", "content_type": 5, "codename": "change_contenttype"}}, {"model": "auth.permission", "pk": 19, "fields": {"name": "Can delete content type", "content_type": 5, "codename": "delete_contenttype"}}, {"model": "auth.permission", "pk": 20, "fields": {"name": "Can view content type", "content_type": 5, "codename": "view_contenttype"}}, {"model": "auth.permission", "pk": 21, "fields": {"name": "Can add session", "content_type": 6, "codename": "add_session"}}, {"model": "auth.permission", "pk": 22, "fields": {"name": "Can change session", "content_type": 6, "codename": "change_session"}}, {"model": "auth.permission", "pk": 23, "fields": {"name": "Can delete session", "content_type": 6, "codename": "delete_session"}}, {"model": "auth.permission", "pk": 24, "fields": {"name": "Can view session", "content_type": 6, "codename": "view_session"}}, {"model": "auth.permission", "pk": 25, "fields": {"name": "Can add actie", "content_type": 7, "codename": "add_actie"}}, {"model": "auth.permission", "pk": 26, "fields": {"name": "Can change actie", "content_type": 7, "codename": "change_actie"}}, {"model": "auth.permission", "pk": 27, "fields": {"name": "Can delete actie", "content_type": 7, "codename": "delete_actie"}}, {"model": "auth.permission", "pk": 28, "fields": {"name": "Can view actie", "content_type": 7, "codename": "view_actie"}}, {"model": "auth.permission", "pk": 29, "fields": {"name": "Can add Activiteit, Project, Lezing, enz.", "content_type": 8, "codename": "add_activiteit"}}, {"model": "auth.permission", "pk": 30, "fields": {"name": "Can change Activiteit, Project, Lezing, enz.", "content_type": 8, "codename": "change_activiteit"}}, {"model": "auth.permission", "pk": 31, "fields": {"name": "Can delete Activiteit, Project, Lezing, enz.", "content_type": 8, "codename": "delete_activiteit"}}, {"model": "auth.permission", "pk": 32, "fields": {"name": "Can view Activiteit, Project, Lezing, enz.", "content_type": 8, "codename": "view_activiteit"}}, {"model": "auth.permission", "pk": 33, "fields": {"name": "Can add bezoekreden", "content_type": 9, "codename": "add_bezoekreden"}}, {"model": "auth.permission", "pk": 34, "fields": {"name": "Can change bezoekreden", "content_type": 9, "codename": "change_bezoekreden"}}, {"model": "auth.permission", "pk": 35, "fields": {"name": "Can delete bezoekreden", "content_type": 9, "codename": "delete_bezoekreden"}}, {"model": "auth.permission", "pk": 36, "fields": {"name": "Can view bezoekreden", "content_type": 9, "codename": "view_bezoekreden"}}, {"model": "auth.permission", "pk": 37, "fields": {"name": "Can add contact", "content_type": 10, "codename": "add_contact"}}, {"model": "auth.permission", "pk": 38, "fields": {"name": "Can change contact", "content_type": 10, "codename": "change_contact"}}, {"model": "auth.permission", "pk": 39, "fields": {"name": "Can delete contact", "content_type": 10, "codename": "delete_contact"}}, {"model": "auth.permission", "pk": 40, "fields": {"name": "Can view contact", "content_type": 10, "codename": "view_contact"}}, {"model": "auth.permission", "pk": 41, "fields": {"name": "Can add Groep", "content_type": 11, "codename": "add_groep"}}, {"model": "auth.permission", "pk": 42, "fields": {"name": "Can change Groep", "content_type": 11, "codename": "change_groep"}}, {"model": "auth.permission", "pk": 43, "fields": {"name": "Can delete Groep", "content_type": 11, "codename": "delete_groep"}}, {"model": "auth.permission", "pk": 44, "fields": {"name": "Can view Groep", "content_type": 11, "codename": "view_groep"}}, {"model": "auth.permission", "pk": 45, "fields": {"name": "Can add product", "content_type": 12, "codename": "add_product"}}, {"model": "auth.permission", "pk": 46, "fields": {"name": "Can change product", "content_type": 12, "codename": "change_product"}}, {"model": "auth.permission", "pk": 47, "fields": {"name": "Can delete product", "content_type": 12, "codename": "delete_product"}}, {"model": "auth.permission", "pk": 48, "fields": {"name": "Can view product", "content_type": 12, "codename": "view_product"}}, {"model": "auth.permission", "pk": 49, "fields": {"name": "Can add advies contact", "content_type": 13, "codename": "add_adviescontact"}}, {"model": "auth.permission", "pk": 50, "fields": {"name": "Can change advies contact", "content_type": 13, "codename": "change_adviescontact"}}, {"model": "auth.permission", "pk": 51, "fields": {"name": "Can delete advies contact", "content_type": 13, "codename": "delete_adviescontact"}}, {"model": "auth.permission", "pk": 52, "fields": {"name": "Can view advies contact", "content_type": 13, "codename": "view_adviescontact"}}, {"model": "auth.permission", "pk": 53, "fields": {"name": "Can add exposant", "content_type": 14, "codename": "add_exposant"}}, {"model": "auth.permission", "pk": 54, "fields": {"name": "Can change exposant", "content_type": 14, "codename": "change_exposant"}}, {"model": "auth.permission", "pk": 55, "fields": {"name": "Can delete exposant", "content_type": 14, "codename": "delete_exposant"}}, {"model": "auth.permission", "pk": 56, "fields": {"name": "Can view exposant", "content_type": 14, "codename": "view_exposant"}}, {"model": "auth.permission", "pk": 57, "fields": {"name": "Can add winkel bezoek", "content_type": 15, "codename": "add_winkelbezoek"}}, {"model": "auth.permission", "pk": 58, "fields": {"name": "Can change winkel bezoek", "content_type": 15, "codename": "change_winkelbezoek"}}, {"model": "auth.permission", "pk": 59, "fields": {"name": "Can delete winkel bezoek", "content_type": 15, "codename": "delete_winkelbezoek"}}, {"model": "auth.permission", "pk": 60, "fields": {"name": "Can view winkel bezoek", "content_type": 15, "codename": "view_winkelbezoek"}}, {"model": "auth.permission", "pk": 61, "fields": {"name": "Can add review", "content_type": 16, "codename": "add_review"}}, {"model": "auth.permission", "pk": 62, "fields": {"name": "Can change review", "content_type": 16, "codename": "change_review"}}, {"model": "auth.permission", "pk": 63, "fields": {"name": "Can delete review", "content_type": 16, "codename": "delete_review"}}, {"model": "auth.permission", "pk": 64, "fields": {"name": "Can view review", "content_type": 16, "codename": "view_review"}}, {"model": "auth.permission", "pk": 65, "fields": {"name": "Can add nummer", "content_type": 17, "codename": "add_nummer"}}, {"model": "auth.permission", "pk": 66, "fields": {"name": "Can change nummer", "content_type": 17, "codename": "change_nummer"}}, {"model": "auth.permission", "pk": 67, "fields": {"name": "Can delete nummer", "content_type": 17, "codename": "delete_nummer"}}, {"model": "auth.permission", "pk": 68, "fields": {"name": "Can view nummer", "content_type": 17, "codename": "view_nummer"}}, {"model": "auth.permission", "pk": 69, "fields": {"name": "Can add adres", "content_type": 18, "codename": "add_adres"}}, {"model": "auth.permission", "pk": 70, "fields": {"name": "Can change adres", "content_type": 18, "codename": "change_adres"}}, {"model": "auth.permission", "pk": 71, "fields": {"name": "Can delete adres", "content_type": 18, "codename": "delete_adres"}}, {"model": "auth.permission", "pk": 72, "fields": {"name": "Can view adres", "content_type": 18, "codename": "view_adres"}}, {"model": "auth.permission", "pk": 73, "fields": {"name": "Can add woninggegevens", "content_type": 19, "codename": "add_woninggegevens"}}, {"model": "auth.permission", "pk": 74, "fields": {"name": "Can change woninggegevens", "content_type": 19, "codename": "change_woninggegevens"}}, {"model": "auth.permission", "pk": 75, "fields": {"name": "Can delete woninggegevens", "content_type": 19, "codename": "delete_woninggegevens"}}, {"model": "auth.permission", "pk": 76, "fields": {"name": "Can view woninggegevens", "content_type": 19, "codename": "view_woninggegevens"}}, {"model": "auth.permission", "pk": 77, "fields": {"name": "Can add vraag", "content_type": 20, "codename": "add_vraag"}}, {"model": "auth.permission", "pk": 78, "fields": {"name": "Can change vraag", "content_type": 20, "codename": "change_vraag"}}, {"model": "auth.permission", "pk": 79, "fields": {"name": "Can delete vraag", "content_type": 20, "codename": "delete_vraag"}}, {"model": "auth.permission", "pk": 80, "fields": {"name": "Can view vraag", "content_type": 20, "codename": "view_vraag"}}, {"model": "auth.permission", "pk": 81, "fields": {"name": "Can add follow up", "content_type": 21, "codename": "add_followup"}}, {"model": "auth.permission", "pk": 82, "fields": {"name": "Can change follow up", "content_type": 21, "codename": "change_followup"}}, {"model": "auth.permission", "pk": 83, "fields": {"name": "Can delete follow up", "content_type": 21, "codename": "delete_followup"}}, {"model": "auth.permission", "pk": 84, "fields": {"name": "Can view follow up", "content_type": 21, "codename": "view_followup"}}, {"model": "auth.permission", "pk": 85, "fields": {"name": "Can add coach gesprek", "content_type": 22, "codename": "add_coachgesprek"}}, {"model": "auth.permission", "pk": 86, "fields": {"name": "Can change coach gesprek", "content_type": 22, "codename": "change_coachgesprek"}}, {"model": "auth.permission", "pk": 87, "fields": {"name": "Can delete coach gesprek", "content_type": 22, "codename": "delete_coachgesprek"}}, {"model": "auth.permission", "pk": 88, "fields": {"name": "Can view coach gesprek", "content_type": 22, "codename": "view_coachgesprek"}}, {"model": "auth.user", "pk": 1, "fields": {"password": "pbkdf2_sha256$260000$w3z7XaGjxOETLBzFWMDsFf$ss40DdC6kikCRm5Ldrj/2CpL711rAU0QjYrXAugPmLg=", "last_login": "2022-07-08T23:31:46.665", "is_superuser": true, "username": "duurzaam", "first_name": "", "last_name": "", "email": "info@duurzaam.nl", "is_staff": true, "is_active": true, "date_joined": "2022-07-08T23:31:06.651", "groups": [], "user_permissions": []}}, {"model": "contenttypes.contenttype", "pk": 1, "fields": {"app_label": "admin", "model": "logentry"}}, {"model": "contenttypes.contenttype", "pk": 2, "fields": {"app_label": "auth", "model": "permission"}}, {"model": "contenttypes.contenttype", "pk": 3, "fields": {"app_label": "auth", "model": "group"}}, {"model": "contenttypes.contenttype", "pk": 4, "fields": {"app_label": "auth", "model": "user"}}, {"model": "contenttypes.contenttype", "pk": 5, "fields": {"app_label": "contenttypes", "model": "contenttype"}}, {"model": "contenttypes.contenttype", "pk": 6, "fields": {"app_label": "sessions", "model": "session"}}, {"model": "contenttypes.contenttype", "pk": 7, "fields": {"app_label": "drzData", "model": "actie"}}, {"model": "contenttypes.contenttype", "pk": 8, "fields": {"app_label": "drzData", "model": "activiteit"}}, {"model": "contenttypes.contenttype", "pk": 9, "fields": {"app_label": "drzData", "model": "bezoekreden"}}, {"model": "contenttypes.contenttype", "pk": 10, "fields": {"app_label": "drzData", "model": "contact"}}, {"model": "contenttypes.contenttype", "pk": 11, "fields": {"app_label": "drzData", "model": "groep"}}, {"model": "contenttypes.contenttype", "pk": 12, "fields": {"app_label": "drzData", "model": "product"}}, {"model": "contenttypes.contenttype", "pk": 13, "fields": {"app_label": "drzData", "model": "adviescontact"}}, {"model": "contenttypes.contenttype", "pk": 14, "fields": {"app_label": "drzData", "model": "exposant"}}, {"model": "contenttypes.contenttype", "pk": 15, "fields": {"app_label": "drzData", "model": "winkelbezoek"}}, {"model": "contenttypes.contenttype", "pk": 16, "fields": {"app_label": "drzData", "model": "review"}}, {"model": "contenttypes.contenttype", "pk": 17, "fields": {"app_label": "drzData", "model": "nummer"}}, {"model": "contenttypes.contenttype", "pk": 18, "fields": {"app_label": "drzData", "model": "adres"}}, {"model": "contenttypes.contenttype", "pk": 19, "fields": {"app_label": "drzData", "model": "woninggegevens"}}, {"model": "contenttypes.contenttype", "pk": 20, "fields": {"app_label": "drzData", "model": "vraag"}}, {"model": "contenttypes.contenttype", "pk": 21, "fields": {"app_label": "drzData", "model": "followup"}}, {"model": "contenttypes.contenttype", "pk": 22, "fields": {"app_label": "drzData", "model": "coachgesprek"}}, {"model": "sessions.session", "pk": "o0daupqqmv4rlf1g6h4mni1qev9accxx", "fields": {"session_data": ".eJxVjEEOwiAQRe_C2pBSYCAu3XsGMswMUjU0Ke3KeHdt0oVu_3vvv1TCba1p67KkidVZGXX63TLSQ9oO-I7tNmua27pMWe-KPmjX15nleTncv4OKvX7rQihkTACx4mz0o7PZAVgsPrrREw4hgOVCxRNnAF-AijORAzmxg6j3B-qzODo:1o9vZi:BsJKxdhlOe1kv-L6OfFsNXDi94JTHv96KEkLkB2f60g", "expire_date": "2022-07-22T23:31:46.674"}}, {"model": "drzData.groep", "pk": 2, "fields": {"grp_GroupNm": "Test Exposant 01", "grp_Website": null, "grp_Notities": "Test Exp 01 bla bla", "grp_Type": "O"}}, {"model": "drzData.groep", "pk": 3, "fields": {"grp_GroupNm": "Test Groep 01", "grp_Website": null, "grp_Notities": "Notities bij test groep 01", "grp_Type": "O"}}, {"model": "drzData.actie", "pk": 1, "fields": {"aci_Naam": "Toevoegen aan nieuwsbrief", "aci_Omschr": "", "aci_Status": "O"}}, {"model": "drzData.actie", "pk": 2, "fields": {"aci_Naam": "Test actie 02", "aci_Omschr": "", "aci_Status": "O"}}, {"model": "drzData.actie", "pk": 3, "fields": {"aci_Naam": "Test actie 03", "aci_Omschr": "", "aci_Status": "O"}}, {"model": "drzData.activiteit", "pk": 1, "fields": {"act_Naam": "Duurzaamheids wandeling test 01", "act_Omschr": "", "act_Type": "E"}}, {"model": "drzData.activiteit", "pk": 2, "fields": {"act_Naam": "Test activiteit 02", "act_Omschr": "", "act_Type": "L"}}, {"model": "drzData.activiteit", "pk": 3, "fields": {"act_Naam": "Test activiteit 03", "act_Omschr": "", "act_Type": "L"}}, {"model": "drzData.contact", "pk": 1, "fields": {"cnt_VoorNm": "Test voornm 01", "cnt_AchterNm": "Test Achternaam 02", "cnt_TussenVgsl": "van", "cnt_VoorLtrs": "tst", "cnt_Notities": "Notities bij test 01", "cnt_Type": "W", "cnt_Groepen": [], "cnt_Acties": []}}, {"model": "drzData.contact", "pk": 2, "fields": {"cnt_VoorNm": "Test adviescontact 01", "cnt_AchterNm": "Test adviescontact 01 achternaam", "cnt_TussenVgsl": "", "cnt_VoorLtrs": "", "cnt_Notities": "", "cnt_Type": "W", "cnt_Groepen": [], "cnt_Acties": [1]}}, {"model": "drzData.contact", "pk": 3, "fields": {"cnt_VoorNm": "Test adviescontact 02", "cnt_AchterNm": "Test Achternaam 02", "cnt_TussenVgsl": "", "cnt_VoorLtrs": "", "cnt_Notities": "Notities bij test adviescontact 02", "cnt_Type": "W", "cnt_Groepen": [], "cnt_Acties": [1]}}, {"model": "drzData.contact", "pk": 36, "fields": {"cnt_VoorNm": "Klees", "cnt_AchterNm": "Wees", "cnt_TussenVgsl": "as", "cnt_VoorLtrs": "as", "cnt_Notities": "asas", "cnt_Type": "W", "cnt_Groepen": [], "cnt_Acties": [1]}}, {"model": "drzData.contact", "pk": 37, "fields": {"cnt_VoorNm": "Jan", "cnt_AchterNm": "Koekepanb", "cnt_TussenVgsl": "", "cnt_VoorLtrs": "", "cnt_Notities": "", "cnt_Type": "W", "cnt_Groepen": [], "cnt_Acties": []}}, {"model": "drzData.contact", "pk": 38, "fields": {"cnt_VoorNm": "Pinokio", "cnt_AchterNm": "Houtman", "cnt_TussenVgsl": "", "cnt_VoorLtrs": "", "cnt_Notities": "", "cnt_Type": "W", "cnt_Groepen": [], "cnt_Acties": []}}, {"model": "drzData.contact", "pk": 39, "fields": {"cnt_VoorNm": "Pinokio", "cnt_AchterNm": "Houtman", "cnt_TussenVgsl": "", "cnt_VoorLtrs": "", "cnt_Notities": "", "cnt_Type": "W", "cnt_Groepen": [], "cnt_Acties": []}}, {"model": "drzData.contact", "pk": 40, "fields": {"cnt_VoorNm": "Pinokio", "cnt_AchterNm": "Houtman", "cnt_TussenVgsl": "", "cnt_VoorLtrs": "", "cnt_Notities": "", "cnt_Type": "W", "cnt_Groepen": [], "cnt_Acties": [1]}}, {"model": "drzData.contact", "pk": 41, "fields": {"cnt_VoorNm": "Grat", "cnt_AchterNm": "Doetman", "cnt_TussenVgsl": "", "cnt_VoorLtrs": "", "cnt_Notities": "", "cnt_Type": "W", "cnt_Groepen": [], "cnt_Acties": [3]}}, {"model": "drzData.contact", "pk": 42, "fields": {"cnt_VoorNm": "Henkie", "cnt_AchterNm": "Penkie", "cnt_TussenVgsl": "", "cnt_VoorLtrs": "", "cnt_Notities": "", "cnt_Type": "W", "cnt_Groepen": [], "cnt_Acties": [2, 3]}}, {"model": "drzData.contact", "pk": 43, "fields": {"cnt_VoorNm": "ass", "cnt_AchterNm": "asas", "cnt_TussenVgsl": "", "cnt_VoorLtrs": "", "cnt_Notities": "", "cnt_Type": "W", "cnt_Groepen": [], "cnt_Acties": []}}, {"model": "drzData.contact", "pk": 44, "fields": {"cnt_VoorNm": "asas", "cnt_AchterNm": "ZZZ", "cnt_TussenVgsl": "", "cnt_VoorLtrs": "", "cnt_Notities": "", "cnt_Type": "W", "cnt_Groepen": [], "cnt_Acties": [2]}}, {"model": "drzData.contact", "pk": 45, "fields": {"cnt_VoorNm": "asas", "cnt_AchterNm": "ZZZ", "cnt_TussenVgsl": "", "cnt_VoorLtrs": "", "cnt_Notities": "", "cnt_Type": "W", "cnt_Groepen": [], "cnt_Acties": [2]}}, {"model": "drzData.contact", "pk": 46, "fields": {"cnt_VoorNm": "Remie", "cnt_AchterNm": "Theeman", "cnt_TussenVgsl": "", "cnt_VoorLtrs": "", "cnt_Notities": "", "cnt_Type": "W", "cnt_Groepen": [], "cnt_Acties": [1]}}, {"model": "drzData.contact", "pk": 47, "fields": {"cnt_VoorNm": "Leox", "cnt_AchterNm": "deLeeuw", "cnt_TussenVgsl": "", "cnt_VoorLtrs": "", "cnt_Notities": "", "cnt_Type": "W", "cnt_Groepen": [], "cnt_Acties": [2]}}, {"model": "drzData.contact", "pk": 48, "fields": {"cnt_VoorNm": "Hummeltje", "cnt_AchterNm": "Debij", "cnt_TussenVgsl": "", "cnt_VoorLtrs": "", "cnt_Notities": "", "cnt_Type": "W", "cnt_Groepen": [], "cnt_Acties": [2]}}, {"model": "drzData.contact", "pk": 49, "fields": {"cnt_VoorNm": "Greet", "cnt_AchterNm": "Alweet", "cnt_TussenVgsl": "", "cnt_VoorLtrs": "", "cnt_Notities": "", "cnt_Type": "W", "cnt_Groepen": [], "cnt_Acties": [3]}}, {"model": "drzData.contact", "pk": 50, "fields": {"cnt_VoorNm": "Piettt", "cnt_AchterNm": "Jansen", "cnt_TussenVgsl": "", "cnt_VoorLtrs": "", "cnt_Notities": "", "cnt_Type": "W", "cnt_Groepen": [], "cnt_Acties": [2]}}, {"model": "drzData.contact", "pk": 51, "fields": {"cnt_VoorNm": "aaaaaaaaaaaaa", "cnt_AchterNm": "bbbbbbbbbb", "cnt_TussenVgsl": "", "cnt_VoorLtrs": "", "cnt_Notities": "", "cnt_Type": "W", "cnt_Groepen": [], "cnt_Acties": [2]}}, {"model": "drzData.contact", "pk": 52, "fields": {"cnt_VoorNm": "aaaaaaaaaa", "cnt_AchterNm": "zzzzzzzzzzzz", "cnt_TussenVgsl": "", "cnt_VoorLtrs": "", "cnt_Notities": "", "cnt_Type": "W", "cnt_Groepen": [], "cnt_Acties": [2]}}, {"model": "drzData.contact", "pk": 53, "fields": {"cnt_VoorNm": "wwwwwwww", "cnt_AchterNm": "wwwwwwww", "cnt_TussenVgsl": "", "cnt_VoorLtrs": "", "cnt_Notities": "", "cnt_Type": "W", "cnt_Groepen": [], "cnt_Acties": [3]}}, {"model": "drzData.contact", "pk": 54, "fields": {"cnt_VoorNm": "sssssss", "cnt_AchterNm": "ssssssss", "cnt_TussenVgsl": "", "cnt_VoorLtrs": "", "cnt_Notities": "", "cnt_Type": "W", "cnt_Groepen": [], "cnt_Acties": [2]}}, {"model": "drzData.contact", "pk": 55, "fields": {"cnt_VoorNm": "xxxxxxx", "cnt_AchterNm": "xxxxxxx", "cnt_TussenVgsl": "", "cnt_VoorLtrs": "", "cnt_Notities": "", "cnt_Type": "W", "cnt_Groepen": [], "cnt_Acties": [1]}}, {"model": "drzData.contact", "pk": 56, "fields": {"cnt_VoorNm": "Knees", "cnt_AchterNm": "Belman", "cnt_TussenVgsl": "", "cnt_VoorLtrs": "", "cnt_Notities": "", "cnt_Type": "W", "cnt_Groepen": [], "cnt_Acties": [2]}}, {"model": "drzData.adviescontact", "pk": 49, "fields": {"cnt_Vastlegger": 1, "cnt_DatVastlegging": "2022-07-20T17:02:53", "cnt_NieuwsBrief": false, "cnt_Activiteit": [2]}}, {"model": "drzData.adviescontact", "pk": 43, "fields": {"cnt_Vastlegger": 1, "cnt_DatVastlegging": "2022-07-20T00:33:30", "cnt_NieuwsBrief": false, "cnt_Activiteit": []}}, {"model": "drzData.adviescontact", "pk": 51, "fields": {"cnt_Vastlegger": 1, "cnt_DatVastlegging": "2022-07-21T14:27:26", "cnt_NieuwsBrief": false, "cnt_Activiteit": [2]}}, {"model": "drzData.adviescontact", "pk": 56, "fields": {"cnt_Vastlegger": 1, "cnt_DatVastlegging": "2022-07-21T15:03:36", "cnt_NieuwsBrief": false, "cnt_Activiteit": [1]}}, {"model": "drzData.adviescontact", "pk": 48, "fields": {"cnt_Vastlegger": 1, "cnt_DatVastlegging": "2022-07-20T16:55:00", "cnt_NieuwsBrief": false, "cnt_Activiteit": [2]}}, {"model": "drzData.adviescontact", "pk": 47, "fields": {"cnt_Vastlegger": 1, "cnt_DatVastlegging": "2022-07-20T16:41:27", "cnt_NieuwsBrief": false, "cnt_Activiteit": [1]}}, {"model": "drzData.adviescontact", "pk": 41, "fields": {"cnt_Vastlegger": 1, "cnt_DatVastlegging": "2022-07-18T21:52:11", "cnt_NieuwsBrief": false, "cnt_Activiteit": [2]}}, {"model": "drzData.adviescontact", "pk": 38, "fields": {"cnt_Vastlegger": 1, "cnt_DatVastlegging": "2022-07-18T21:40:52", "cnt_NieuwsBrief": false, "cnt_Activiteit": []}}, {"model": "drzData.adviescontact", "pk": 40, "fields": {"cnt_Vastlegger": 1, "cnt_DatVastlegging": "2022-07-18T21:40:52", "cnt_NieuwsBrief": false, "cnt_Activiteit": [2]}}, {"model": "drzData.adviescontact", "pk": 39, "fields": {"cnt_Vastlegger": 1, "cnt_DatVastlegging": "2022-07-18T21:40:52", "cnt_NieuwsBrief": false, "cnt_Activiteit": []}}, {"model": "drzData.adviescontact", "pk": 50, "fields": {"cnt_Vastlegger": 1, "cnt_DatVastlegging": "2022-07-21T14:24:21", "cnt_NieuwsBrief": false, "cnt_Activiteit": [2]}}, {"model": "drzData.adviescontact", "pk": 37, "fields": {"cnt_Vastlegger": 1, "cnt_DatVastlegging": "2022-07-18T21:32:01", "cnt_NieuwsBrief": false, "cnt_Activiteit": []}}, {"model": "drzData.adviescontact", "pk": 42, "fields": {"cnt_Vastlegger": 1, "cnt_DatVastlegging": "2022-07-18T21:53:23", "cnt_NieuwsBrief": false, "cnt_Activiteit": [1, 2]}}, {"model": "drzData.adviescontact", "pk": 54, "fields": {"cnt_Vastlegger": 1, "cnt_DatVastlegging": "2022-07-21T14:47:48", "cnt_NieuwsBrief": false, "cnt_Activiteit": [2]}}, {"model": "drzData.adviescontact", "pk": 3, "fields": {"cnt_Vastlegger": 1, "cnt_DatVastlegging": null, "cnt_NieuwsBrief": true, "cnt_Activiteit": [1]}}, {"model": "drzData.adviescontact", "pk": 2, "fields": {"cnt_Vastlegger": 1, "cnt_DatVastlegging": null, "cnt_NieuwsBrief": false, "cnt_Activiteit": []}}, {"model": "drzData.adviescontact", "pk": 46, "fields": {"cnt_Vastlegger": 1, "cnt_DatVastlegging": "2022-07-20T16:37:17", "cnt_NieuwsBrief": false, "cnt_Activiteit": [2]}}, {"model": "drzData.adviescontact", "pk": 36, "fields": {"cnt_Vastlegger": 1, "cnt_DatVastlegging": "2022-07-18T20:38:00", "cnt_NieuwsBrief": false, "cnt_Activiteit": [1]}}, {"model": "drzData.adviescontact", "pk": 53, "fields": {"cnt_Vastlegger": 1, "cnt_DatVastlegging": "2022-07-21T14:43:20", "cnt_NieuwsBrief": false, "cnt_Activiteit": [2]}}, {"model": "drzData.adviescontact", "pk": 55, "fields": {"cnt_Vastlegger": 1, "cnt_DatVastlegging": "2022-07-21T14:53:54", "cnt_NieuwsBrief": false, "cnt_Activiteit": [2]}}, {"model": "drzData.adviescontact", "pk": 44, "fields": {"cnt_Vastlegger": 1, "cnt_DatVastlegging": "2022-07-20T16:29:10", "cnt_NieuwsBrief": false, "cnt_Activiteit": [2]}}, {"model": "drzData.adviescontact", "pk": 45, "fields": {"cnt_Vastlegger": 1, "cnt_DatVastlegging": "2022-07-20T16:29:10", "cnt_NieuwsBrief": false, "cnt_Activiteit": [2]}}, {"model": "drzData.adviescontact", "pk": 52, "fields": {"cnt_Vastlegger": 1, "cnt_DatVastlegging": "2022-07-21T14:40:50", "cnt_NieuwsBrief": false, "cnt_Activiteit": [2]}}, {"model": "drzData.exposant", "pk": 2, "fields": {"exp_Verhaal": "Verhaal bij test exposant 01"}}, {"model": "drzData.woninggegevens", "pk": 1, "fields": {"Contact": 45, "wng_TypeWoning": "T", "wng_Bouwjaar": "V", "wng_Bewoning": "H"}}, {"model": "drzData.woninggegevens", "pk": 2, "fields": {"Contact": 46, "wng_TypeWoning": "T", "wng_Bouwjaar": "V", "wng_Bewoning": "H"}}, {"model": "drzData.woninggegevens", "pk": 3, "fields": {"Contact": 47, "wng_TypeWoning": "H", "wng_Bouwjaar": "T", "wng_Bewoning": "V"}}, {"model": "drzData.woninggegevens", "pk": 4, "fields": {"Contact": 48, "wng_TypeWoning": "T", "wng_Bouwjaar": "T", "wng_Bewoning": "V"}}, {"model": "drzData.woninggegevens", "pk": 5, "fields": {"Contact": 49, "wng_TypeWoning": "T", "wng_Bouwjaar": "V", "wng_Bewoning": "H"}}, {"model": "drzData.woninggegevens", "pk": 6, "fields": {"Contact": 50, "wng_TypeWoning": "T", "wng_Bouwjaar": "V", "wng_Bewoning": "H"}}, {"model": "drzData.woninggegevens", "pk": 7, "fields": {"Contact": 51, "wng_TypeWoning": "T", "wng_Bouwjaar": "V", "wng_Bewoning": "H"}}, {"model": "drzData.woninggegevens", "pk": 8, "fields": {"Contact": 52, "wng_TypeWoning": "T", "wng_Bouwjaar": "T", "wng_Bewoning": "H"}}, {"model": "drzData.woninggegevens", "pk": 9, "fields": {"Contact": 53, "wng_TypeWoning": "T", "wng_Bouwjaar": "V", "wng_Bewoning": "H"}}, {"model": "drzData.woninggegevens", "pk": 10, "fields": {"Contact": 54, "wng_TypeWoning": "T", "wng_Bouwjaar": "V", "wng_Bewoning": "H"}}, {"model": "drzData.woninggegevens", "pk": 11, "fields": {"Contact": 55, "wng_TypeWoning": "T", "wng_Bouwjaar": "V", "wng_Bewoning": "H"}}, {"model": "drzData.woninggegevens", "pk": 12, "fields": {"Contact": 56, "wng_TypeWoning": "T", "wng_Bouwjaar": "V", "wng_Bewoning": "H"}}, {"model": "drzData.vraag", "pk": 1, "fields": {"Contact": 2, "vrg_TypeVraag": "I", "vrg_OnderwerpVraag": "Ea", "vrg_StatusVraag": "O", "vrg_Tekst": "Vraag bla bla"}}, {"model": "drzData.vraag", "pk": 3, "fields": {"Contact": 36, "vrg_TypeVraag": null, "vrg_OnderwerpVraag": "Ea", "vrg_StatusVraag": null, "vrg_Tekst": "Grut"}}, {"model": "drzData.vraag", "pk": 4, "fields": {"Contact": 36, "vrg_TypeVraag": null, "vrg_OnderwerpVraag": "C", "vrg_StatusVraag": null, "vrg_Tekst": "Grat"}}, {"model": "drzData.vraag", "pk": 5, "fields": {"Contact": 37, "vrg_TypeVraag": null, "vrg_OnderwerpVraag": null, "vrg_StatusVraag": null, "vrg_Tekst": "duurzame koekepan"}}, {"model": "drzData.vraag", "pk": 6, "fields": {"Contact": 37, "vrg_TypeVraag": null, "vrg_OnderwerpVraag": null, "vrg_StatusVraag": null, "vrg_Tekst": "Dier er wat van kan"}}, {"model": "drzData.vraag", "pk": 7, "fields": {"Contact": 40, "vrg_TypeVraag": null, "vrg_OnderwerpVraag": null, "vrg_StatusVraag": null, "vrg_Tekst": "asassasa"}}, {"model": "drzData.vraag", "pk": 8, "fields": {"Contact": 41, "vrg_TypeVraag": null, "vrg_OnderwerpVraag": null, "vrg_StatusVraag": null, "vrg_Tekst": "Wat moet ik doen"}}, {"model": "drzData.vraag", "pk": 9, "fields": {"Contact": 42, "vrg_TypeVraag": null, "vrg_OnderwerpVraag": null, "vrg_StatusVraag": null, "vrg_Tekst": "Ik wil een penkie wafel"}}, {"model": "drzData.vraag", "pk": 10, "fields": {"Contact": 43, "vrg_TypeVraag": null, "vrg_OnderwerpVraag": "Ea", "vrg_StatusVraag": null, "vrg_Tekst": "sasasda"}}, {"model": "drzData.vraag", "pk": 11, "fields": {"Contact": 55, "vrg_TypeVraag": "I", "vrg_OnderwerpVraag": "Eiv", "vrg_StatusVraag": "B", "vrg_Tekst": "xxxxxxxxxxx"}}, {"model": "drzData.vraag", "pk": 12, "fields": {"Contact": 56, "vrg_TypeVraag": "A", "vrg_OnderwerpVraag": "Ea", "vrg_StatusVraag": "B", "vrg_Tekst": "sadfsafd"}}, {"model": "drzData.adres", "pk": 1, "fields": {"Contact": 1, "Groep": null, "adr_Straat": "test 01 straat", "adr_HuisNr": "01", "adr_HuisNrToev": "a", "adr_PostCd": "1234ZA", "adr_Plaats": "Woerden", "adr_type": "W", "adr_Notities": "test bla bla"}}, {"model": "drzData.nummer", "pk": 1, "fields": {"Contact": 1, "Groep": null, "nmb_Number": "test01@mail.com", "nmb_Medium": "E", "nmb_Notities": ""}}, {"model": "drzData.nummer", "pk": 2, "fields": {"Contact": null, "Groep": 2, "nmb_Number": "0123456", "nmb_Medium": "M", "nmb_Notities": "Notitie bij nummer bij test exposant 01"}}, {"model": "drzData.bezoekreden", "pk": 1, "fields": {"bzr_Naam": "Puzzel", "bzr_Omschr": ""}}, {"model": "drzData.bezoekreden", "pk": 2, "fields": {"bzr_Naam": "Upcycle brengen", "bzr_Omschr": ""}}, {"model": "drzData.bezoekreden", "pk": 3, "fields": {"bzr_Naam": "Advies", "bzr_Omschr": ""}}, {"model": "drzData.coachgesprek", "pk": 1, "fields": {"cgs_AdviesContact": 49, "cgs_AanmeldingWoonCorp": "V", "cgs_AanmeldingZelf": null, "cgs_AanmeldAnders": "asdfasdff", "cgs_IsModemAanw": null, "cgs_TypeCentrVent": null, "cgs_TypeElektraMeter": null, "cgs_HuurderInfo": "", "cgs_DatTijdGesprek": null, "cgs_WieAanWezig": "", "cgs_IsWoningToerAangekond": null, "cgs_EnergieRekBijDeHand": null, "cgs_ElektraMeter": null, "cgs_Motivatie": null, "cgs_MotivatieAnders": "", "cgs_IsDatumTijdBevestigd": null, "cgs_IsDocsKlaarGelegd": null, "cgs_IsWonToerHerAangeKond": null, "cgs_IsInAgendGeplaatst": null, "cgs_GenomenEnergMaatr": "", "cgs_GeplandeEnrgMaatr": "", "cgs_EnergieLabel": "", "cgs_BekendeProbl": "", "cgs_RedenEnergBesp": "", "cgs_RedenEnergBespAnderen": "", "cgs_ToekomstPlanWoning": "", "cgs_MetWieHierWonen": "", "cgs_BudgetKlMaatr": "", "cgs_IetsGedaanEnrgMaatr": "", "cgs_AfwijkEnergRek": "", "cgs_TypeRadiatorknop": null, "cgs_TypeThermostaat": null, "cgs_IsAquariumAanw": null, "cgs_IsAircoAanw": null, "cgs_TypeRaambekleding_Wk": null, "cgs_TypeVerlichting_Wk": null, "cgs_Problemen_Wk": null, "cgs_OverigOpmerk_Wk": "", "cgs_TypeWasMachGebruik": null, "cgs_IsKokenMetDeksel": null, "cgs_TypeKookSysteem": null, "cgs_IsAfzuigingVrij": null, "cgs_IsCloseInBoilerAanw": null, "cgs_AanwApperatuur": null, "cgs_Problemen_K": null, "cgs_OverigOpmerk_K": "", "cgs_IsRadiatorAanw_Gng": null, "cgs_IsBrievenBusAanw_Gng": null, "cgs_TypeVerlichting_Gng": null, "cgs_TypeTochtVoorziening_Gng": null, "cgs_Problemen_Gng": null, "cgs_OverigOpmerk_Gng": "", "cgs_CVOnderhoud": null, "cgs_CVTemperatuur": null, "cgs_TypeVerlichting_Slk": null, "cgs_IsApparatuurStndBy": null, "cgs_IsVerwarmd": null, "cgs_IsAircoAanw_Slk": null, "cgs_TypeBed": null, "cgs_Problemen_Slk": null, "cgs_OverigOpmerk_Slk": null, "cgs_IsTuinVerlAanw": null, "cgs_IsVijverpompAanw": null, "cgs_IsTerrasVerwAanw": null, "cgs_OverigOpmerk_Tn": "", "cgs_IsTwedeeKoelkAanw": null, "cgs_OverigOpmerk_Sch": "", "cgs_BespaarAdviesTekst": ""}}, {"model": "drzData.coachgesprek", "pk": 2, "fields": {"cgs_AdviesContact": 43, "cgs_AanmeldingWoonCorp": "V", "cgs_AanmeldingZelf": null, "cgs_AanmeldAnders": "", "cgs_IsModemAanw": null, "cgs_TypeCentrVent": null, "cgs_TypeElektraMeter": null, "cgs_HuurderInfo": "", "cgs_DatTijdGesprek": null, "cgs_WieAanWezig": "", "cgs_IsWoningToerAangekond": null, "cgs_EnergieRekBijDeHand": null, "cgs_ElektraMeter": null, "cgs_Motivatie": null, "cgs_MotivatieAnders": "", "cgs_IsDatumTijdBevestigd": null, "cgs_IsDocsKlaarGelegd": null, "cgs_IsWonToerHerAangeKond": null, "cgs_IsInAgendGeplaatst": null, "cgs_GenomenEnergMaatr": "", "cgs_GeplandeEnrgMaatr": "", "cgs_EnergieLabel": "", "cgs_BekendeProbl": "", "cgs_RedenEnergBesp": "", "cgs_RedenEnergBespAnderen": "", "cgs_ToekomstPlanWoning": "", "cgs_MetWieHierWonen": "", "cgs_BudgetKlMaatr": "", "cgs_IetsGedaanEnrgMaatr": "", "cgs_AfwijkEnergRek": "", "cgs_TypeRadiatorknop": null, "cgs_TypeThermostaat": null, "cgs_IsAquariumAanw": null, "cgs_IsAircoAanw": null, "cgs_TypeRaambekleding_Wk": null, "cgs_TypeVerlichting_Wk": null, "cgs_Problemen_Wk": null, "cgs_OverigOpmerk_Wk": "", "cgs_TypeWasMachGebruik": null, "cgs_IsKokenMetDeksel": null, "cgs_TypeKookSysteem": null, "cgs_IsAfzuigingVrij": null, "cgs_IsCloseInBoilerAanw": null, "cgs_AanwApperatuur": null, "cgs_Problemen_K": null, "cgs_OverigOpmerk_K": "", "cgs_IsRadiatorAanw_Gng": null, "cgs_IsBrievenBusAanw_Gng": null, "cgs_TypeVerlichting_Gng": null, "cgs_TypeTochtVoorziening_Gng": null, "cgs_Problemen_Gng": null, "cgs_OverigOpmerk_Gng": "", "cgs_CVOnderhoud": null, "cgs_CVTemperatuur": null, "cgs_TypeVerlichting_Slk": null, "cgs_IsApparatuurStndBy": null, "cgs_IsVerwarmd": null, "cgs_IsAircoAanw_Slk": null, "cgs_TypeBed": null, "cgs_Problemen_Slk": null, "cgs_OverigOpmerk_Slk": null, "cgs_IsTuinVerlAanw": null, "cgs_IsVijverpompAanw": null, "cgs_IsTerrasVerwAanw": null, "cgs_OverigOpmerk_Tn": "", "cgs_IsTwedeeKoelkAanw": null, "cgs_OverigOpmerk_Sch": "", "cgs_BespaarAdviesTekst": ""}}, {"model": "drzData.coachgesprek", "pk": 3, "fields": {"cgs_AdviesContact": 56, "cgs_AanmeldingWoonCorp": "V", "cgs_AanmeldingZelf": "S", "cgs_AanmeldAnders": "Helemaal anders", "cgs_IsModemAanw": null, "cgs_TypeCentrVent": null, "cgs_TypeElektraMeter": null, "cgs_HuurderInfo": "", "cgs_DatTijdGesprek": null, "cgs_WieAanWezig": "", "cgs_IsWoningToerAangekond": null, "cgs_EnergieRekBijDeHand": null, "cgs_ElektraMeter": null, "cgs_Motivatie": null, "cgs_MotivatieAnders": "", "cgs_IsDatumTijdBevestigd": null, "cgs_IsDocsKlaarGelegd": null, "cgs_IsWonToerHerAangeKond": null, "cgs_IsInAgendGeplaatst": null, "cgs_GenomenEnergMaatr": "", "cgs_GeplandeEnrgMaatr": "", "cgs_EnergieLabel": "", "cgs_BekendeProbl": "", "cgs_RedenEnergBesp": "", "cgs_RedenEnergBespAnderen": "", "cgs_ToekomstPlanWoning": "", "cgs_MetWieHierWonen": "", "cgs_BudgetKlMaatr": "", "cgs_IetsGedaanEnrgMaatr": "", "cgs_AfwijkEnergRek": "", "cgs_TypeRadiatorknop": null, "cgs_TypeThermostaat": null, "cgs_IsAquariumAanw": null, "cgs_IsAircoAanw": null, "cgs_TypeRaambekleding_Wk": null, "cgs_TypeVerlichting_Wk": null, "cgs_Problemen_Wk": null, "cgs_OverigOpmerk_Wk": "", "cgs_TypeWasMachGebruik": null, "cgs_IsKokenMetDeksel": null, "cgs_TypeKookSysteem": null, "cgs_IsAfzuigingVrij": null, "cgs_IsCloseInBoilerAanw": null, "cgs_AanwApperatuur": null, "cgs_Problemen_K": null, "cgs_OverigOpmerk_K": "", "cgs_IsRadiatorAanw_Gng": null, "cgs_IsBrievenBusAanw_Gng": null, "cgs_TypeVerlichting_Gng": null, "cgs_TypeTochtVoorziening_Gng": null, "cgs_Problemen_Gng": null, "cgs_OverigOpmerk_Gng": "", "cgs_CVOnderhoud": null, "cgs_CVTemperatuur": null, "cgs_TypeVerlichting_Slk": null, "cgs_IsApparatuurStndBy": null, "cgs_IsVerwarmd": null, "cgs_IsAircoAanw_Slk": null, "cgs_TypeBed": null, "cgs_Problemen_Slk": null, "cgs_OverigOpmerk_Slk": "", "cgs_IsTuinVerlAanw": null, "cgs_IsVijverpompAanw": null, "cgs_IsTerrasVerwAanw": null, "cgs_OverigOpmerk_Tn": "", "cgs_IsTwedeeKoelkAanw": null, "cgs_OverigOpmerk_Sch": "", "cgs_BespaarAdviesTekst": ""}}, {"model": "drzData.coachgesprek", "pk": 4, "fields": {"cgs_AdviesContact": 47, "cgs_AanmeldingWoonCorp": "V", "cgs_AanmeldingZelf": "W", "cgs_AanmeldAnders": "asasa", "cgs_IsModemAanw": null, "cgs_TypeCentrVent": null, "cgs_TypeElektraMeter": null, "cgs_HuurderInfo": "", "cgs_DatTijdGesprek": null, "cgs_WieAanWezig": "", "cgs_IsWoningToerAangekond": null, "cgs_EnergieRekBijDeHand": null, "cgs_ElektraMeter": null, "cgs_Motivatie": null, "cgs_MotivatieAnders": "", "cgs_IsDatumTijdBevestigd": null, "cgs_IsDocsKlaarGelegd": null, "cgs_IsWonToerHerAangeKond": null, "cgs_IsInAgendGeplaatst": null, "cgs_GenomenEnergMaatr": "", "cgs_GeplandeEnrgMaatr": "", "cgs_EnergieLabel": "", "cgs_BekendeProbl": "", "cgs_RedenEnergBesp": "", "cgs_RedenEnergBespAnderen": "", "cgs_ToekomstPlanWoning": "", "cgs_MetWieHierWonen": "", "cgs_BudgetKlMaatr": "", "cgs_IetsGedaanEnrgMaatr": "", "cgs_AfwijkEnergRek": "", "cgs_TypeRadiatorknop": null, "cgs_TypeThermostaat": null, "cgs_IsAquariumAanw": null, "cgs_IsAircoAanw": null, "cgs_TypeRaambekleding_Wk": null, "cgs_TypeVerlichting_Wk": null, "cgs_Problemen_Wk": null, "cgs_OverigOpmerk_Wk": "", "cgs_TypeWasMachGebruik": null, "cgs_IsKokenMetDeksel": null, "cgs_TypeKookSysteem": null, "cgs_IsAfzuigingVrij": null, "cgs_IsCloseInBoilerAanw": null, "cgs_AanwApperatuur": null, "cgs_Problemen_K": null, "cgs_OverigOpmerk_K": "", "cgs_IsRadiatorAanw_Gng": null, "cgs_IsBrievenBusAanw_Gng": null, "cgs_TypeVerlichting_Gng": null, "cgs_TypeTochtVoorziening_Gng": null, "cgs_Problemen_Gng": null, "cgs_OverigOpmerk_Gng": "", "cgs_CVOnderhoud": null, "cgs_CVTemperatuur": null, "cgs_TypeVerlichting_Slk": null, "cgs_IsApparatuurStndBy": null, "cgs_IsVerwarmd": null, "cgs_IsAircoAanw_Slk": null, "cgs_TypeBed": null, "cgs_Problemen_Slk": null, "cgs_OverigOpmerk_Slk": "", "cgs_IsTuinVerlAanw": null, "cgs_IsVijverpompAanw": null, "cgs_IsTerrasVerwAanw": null, "cgs_OverigOpmerk_Tn": "", "cgs_IsTwedeeKoelkAanw": null, "cgs_OverigOpmerk_Sch": "", "cgs_BespaarAdviesTekst": ""}}]